{"cameraMode":{"drawMode":0,"name":"Shaded","section":"Shading Mode"},"sceneLighting":true,"audioPlay":false,"sceneViewState":{"m_AlwaysRefresh":false,"showFog":true,"showSkybox":true,"showFlares":true,"showImageEffects":true,"showParticleSystems":true,"showVisualEffectGraphs":true,"m_FxEnabled":true},"in2DMode":false,"pivot":{"x":-1.509433388710022,"y":-2.6787428855895998,"z":1.8785808086395264},"rotation":{"x":-0.02244376949965954,"y":-0.9037300944328308,"z":0.047782424837350848,"w":-0.4249432682991028},"size":1.3621330261230469,"orthographic":false}