{"cameraMode":{"drawMode":0,"name":"Shaded","section":"Shading Mode"},"sceneLighting":true,"audioPlay":false,"sceneViewState":{"m_AlwaysRefresh":false,"showFog":true,"showSkybox":true,"showFlares":true,"showImageEffects":true,"showParticleSystems":true,"showVisualEffectGraphs":true,"m_FxEnabled":true},"in2DMode":false,"pivot":{"x":0.5359861254692078,"y":5.311103343963623,"z":-2.6075515747070314},"rotation":{"x":0.2812579870223999,"y":-0.10338644683361054,"z":0.03056393377482891,"w":0.953618586063385},"size":0.0021173201967030765,"orthographic":false}