{"cameraMode":{"drawMode":0,"name":"Shaded","section":"Shading Mode"},"sceneLighting":true,"audioPlay":false,"sceneViewState":{"m_AlwaysRefresh":false,"showFog":true,"showSkybox":true,"showFlares":true,"showImageEffects":true,"showParticleSystems":true,"showVisualEffectGraphs":true,"m_FxEnabled":true},"in2DMode":false,"pivot":{"x":-1.268594741821289,"y":-11.386284828186036,"z":15.549857139587403},"rotation":{"x":0.38765156269073489,"y":-0.07042305916547775,"z":0.029711363837122918,"w":0.9186421632766724},"size":11.82204532623291,"orthographic":false}